<?xml version="1.0" ?>

<container xmlns="http://symfony.com/schema/dic/services"
           xmlns:xsi="http://www.w3.org/2001/XMLSchema-instance"
           xsi:schemaLocation="http://symfony.com/schema/dic/services http://symfony.com/schema/dic/services/services-1.0.xsd">

    <services>
        <service id="WarrantyManager\Core\Content\Warranty\WarrantyDefinition">
            <tag name="shopware.entity.definition" entity="product_warranty"/>
        </service>

        <service id="WarrantyManager\Extension\Content\Product\ProductExtension">
            <tag name="shopware.entity.extension" />
        </service>

        <service id="WarrantyManager\Extension\Checkout\Customer\CustomerExtension">
            <tag name="shopware.entity.extension" />
        </service>
    </services>
</container>